{"cameraMode":{"drawMode":0,"name":"Shaded","section":"Shading Mode"},"sceneLighting":false,"audioPlay":false,"sceneViewState":{"m_AlwaysRefresh":false,"showFog":true,"showSkybox":false,"showFlares":true,"showImageEffects":true,"showParticleSystems":true,"showVisualEffectGraphs":true,"m_FxEnabled":true},"in2DMode":false,"pivot":{"x":-0.40965723991394045,"y":1.306394100189209,"z":12.816930770874024},"rotation":{"x":-0.20620252192020417,"y":0.41770100593566897,"z":-0.09817521274089813,"w":-0.8794901371002197},"size":2.908435106277466,"orthographic":false}