{"cameraMode":{"drawMode":0,"name":"Shaded","section":"Shading Mode"},"sceneLighting":true,"audioPlay":false,"sceneViewState":{"m_AlwaysRefresh":false,"showFog":true,"showSkybox":true,"showFlares":true,"showImageEffects":true,"showParticleSystems":true,"showVisualEffectGraphs":true,"m_FxEnabled":true},"in2DMode":false,"pivot":{"x":-1.5372114181518555,"y":0.3821668326854706,"z":0.2516164183616638},"rotation":{"x":-0.06459007412195206,"y":0.9291573166847229,"z":-0.19543103873729707,"w":-0.3070872724056244},"size":3.467987537384033,"orthographic":false}